base,method,test_url,exists,nodes_total,nodes_ready,nodes_ok,codes,fastest_s,permanent_link,request_id
https://siderus.io/ipfs/,GET,https://siderus.io/ipfs/bafybeifx7yeb55armcsxwwitkymga5xf53dxiarykms3ygqic223w5sk3m,1,5,5,5,404,0.370,https://check-host.net/check-report/35f35f85k363,35f35f85k363
https://ipfs.jes.xxx/ipfs/,GET,https://ipfs.jes.xxx/ipfs/bafybeifx7yeb55armcsxwwitkymga5xf53dxiarykms3ygqic223w5sk3m,0,5,5,0,,,https://check-host.net/check-report/35f35fa5k17,35f35fa5k17
https://eu.siderus.io/ipfs/,GET,https://eu.siderus.io/ipfs/bafybeifx7yeb55armcsxwwitkymga5xf53dxiarykms3ygqic223w5sk3m,0,5,5,0,,,https://check-host.net/check-report/35f35fbak540,35f35fbak540
https://ipfs.eternum.io/ipfs/,GET,https://ipfs.eternum.io/ipfs/bafybeifx7yeb55armcsxwwitkymga5xf53dxiarykms3ygqic223w5sk3m,0,,,,,,,
https://gateway.temporal.cloud/ipfs/,GET,https://gateway.temporal.cloud/ipfs/bafybeifx7yeb55armcsxwwitkymga5xf53dxiarykms3ygqic223w5sk3m,0,5,5,0,,,https://check-host.net/check-report/35f35ff7k4b5,35f35ff7k4b5
https://jorropo.ovh/ipfs/,GET,https://jorropo.ovh/ipfs/bafybeifx7yeb55armcsxwwitkymga5xf53dxiarykms3ygqic223w5sk3m,0,5,5,0,,,https://check-host.net/check-report/35f36015ka7e,35f36015ka7e
http://gateway.ipfs.io/ipfs/,GET,http://gateway.ipfs.io/ipfs/bafybeifx7yeb55armcsxwwitkymga5xf53dxiarykms3ygqic223w5sk3m,1,5,5,5,301,0.027,https://check-host.net/check-report/35f3602bk77e,35f3602bk77e
https://na.siderus.io/ipfs/,GET,https://na.siderus.io/ipfs/bafybeifx7yeb55armcsxwwitkymga5xf53dxiarykms3ygqic223w5sk3m,0,5,5,0,,,https://check-host.net/check-report/35f36040k937,35f36040k937
https://ipfs.jeroendeneef.com/ipfs/,GET,https://ipfs.jeroendeneef.com/ipfs/bafybeifx7yeb55armcsxwwitkymga5xf53dxiarykms3ygqic223w5sk3m,0,5,5,0,,,https://check-host.net/check-report/35f3605dk7c4,35f3605dk7c4
https://nas-ipfs.4ce.cn/ipfs/,GET,https://nas-ipfs.4ce.cn/ipfs/bafybeifx7yeb55armcsxwwitkymga5xf53dxiarykms3ygqic223w5sk3m,0,5,5,0,,,https://check-host.net/check-report/35f360a1kfbd,35f360a1kfbd
https://4everland.io/ipfs/,GET,https://4everland.io/ipfs/bafybeifx7yeb55armcsxwwitkymga5xf53dxiarykms3ygqic223w5sk3m,1,5,5,5,301,0.149,https://check-host.net/check-report/35f360bckfd4,35f360bckfd4
https://alexdav.id/ipfs/,GET,https://alexdav.id/ipfs/bafybeifx7yeb55armcsxwwitkymga5xf53dxiarykms3ygqic223w5sk3m,1,5,5,5,404,0.919,https://check-host.net/check-report/35f360d0kd8d,35f360d0kd8d
https://api.thegraph.com/ipfs/api/v0/cat?arg=,POST,https://api.thegraph.com/ipfs/api/v0/cat?arg=bafybeifx7yeb55armcsxwwitkymga5xf53dxiarykms3ygqic223w5sk3m,1,5,5,5,200,0.045,https://check-host.net/check-report/35f360fbk428,35f360fbk428
https://api.universalprofile.cloud/ipfs/,GET,https://api.universalprofile.cloud/ipfs/bafybeifx7yeb55armcsxwwitkymga5xf53dxiarykms3ygqic223w5sk3m,1,5,5,5,200,0.396,https://check-host.net/check-report/35f3610dkba,35f3610dkba
https://aragon.ventures/ipfs/,GET,https://aragon.ventures/ipfs/bafybeifx7yeb55armcsxwwitkymga5xf53dxiarykms3ygqic223w5sk3m,1,5,5,5,404,0.181,https://check-host.net/check-report/35f3613bk1c6,35f3613bk1c6
https://astyanax.io/ipfs/,GET,https://astyanax.io/ipfs/bafybeifx7yeb55armcsxwwitkymga5xf53dxiarykms3ygqic223w5sk3m,0,,,,,,,
https://c4rex.co/ipfs/,GET,https://c4rex.co/ipfs/bafybeifx7yeb55armcsxwwitkymga5xf53dxiarykms3ygqic223w5sk3m,1,5,5,3,200,0.327,https://check-host.net/check-report/35f36208kc92,35f36208kc92
https://cdn.cwinfo.net/ipfs/,GET,https://cdn.cwinfo.net/ipfs/bafybeifx7yeb55armcsxwwitkymga5xf53dxiarykms3ygqic223w5sk3m,1,5,5,5,301,0.144,https://check-host.net/check-report/35f3623ek31,35f3623ek31
https://cdn.ipfsscan.io/ipfs/,GET,https://cdn.ipfsscan.io/ipfs/bafybeifx7yeb55armcsxwwitkymga5xf53dxiarykms3ygqic223w5sk3m,1,5,5,5,302,0.030,https://check-host.net/check-report/35f3626fk997,35f3626fk997
https://cloudflare-ipfs.com/ipfs/,GET,https://cloudflare-ipfs.com/ipfs/bafybeifx7yeb55armcsxwwitkymga5xf53dxiarykms3ygqic223w5sk3m,0,5,5,0,,,https://check-host.net/check-report/35f36291k947,35f36291k947
https://crustwebsites.net/ipfs/,GET,https://crustwebsites.net/ipfs/bafybeifx7yeb55armcsxwwitkymga5xf53dxiarykms3ygqic223w5sk3m,0,,,,,,,
https://cthd.icu/ipfs/,GET,https://cthd.icu/ipfs/bafybeifx7yeb55armcsxwwitkymga5xf53dxiarykms3ygqic223w5sk3m,0,5,5,0,,,https://check-host.net/check-report/35f36349k561,35f36349k561
https://dlunar.net/ipfs/,GET,https://dlunar.net/ipfs/bafybeifx7yeb55armcsxwwitkymga5xf53dxiarykms3ygqic223w5sk3m,0,,,,,,,
https://dweb.eu.org/ipfs/,GET,https://dweb.eu.org/ipfs/bafybeifx7yeb55armcsxwwitkymga5xf53dxiarykms3ygqic223w5sk3m,1,5,5,5,302,0.048,https://check-host.net/check-report/35f363a7kf59,35f363a7kf59
https://dweb.link/ipfs/,GET,https://dweb.link/ipfs/bafybeifx7yeb55armcsxwwitkymga5xf53dxiarykms3ygqic223w5sk3m,1,5,5,5,301,0.079,https://check-host.net/check-report/35f363d4k7e8,35f363d4k7e8
https://fleek.cool/ipfs/,GET,https://fleek.cool/ipfs/bafybeifx7yeb55armcsxwwitkymga5xf53dxiarykms3ygqic223w5sk3m,1,5,5,5,404,1.005,https://check-host.net/check-report/35f363f6k222,35f363f6k222
https://flk-ipfs.xyz/ipfs/,GET,https://flk-ipfs.xyz/ipfs/bafybeifx7yeb55armcsxwwitkymga5xf53dxiarykms3ygqic223w5sk3m,0,,,,,,,
https://gateway.ipfs.io/ipfs/,GET,https://gateway.ipfs.io/ipfs/bafybeifx7yeb55armcsxwwitkymga5xf53dxiarykms3ygqic223w5sk3m,1,5,5,5,301,0.023,https://check-host.net/check-report/35f36443kd62,35f36443kd62
https://gateway.lighthouse.storage/ipfs/,GET,https://gateway.lighthouse.storage/ipfs/bafybeifx7yeb55armcsxwwitkymga5xf53dxiarykms3ygqic223w5sk3m,1,5,5,5,200,0.046,https://check-host.net/check-report/35f3645ek867,35f3645ek867
https://gateway.originprotocol.com/ipfs/,GET,https://gateway.originprotocol.com/ipfs/bafybeifx7yeb55armcsxwwitkymga5xf53dxiarykms3ygqic223w5sk3m,0,5,5,0,,,https://check-host.net/check-report/35f3647dkf81,35f3647dkf81
https://gateway.pinata.cloud/ipfs/,GET,https://gateway.pinata.cloud/ipfs/bafybeifx7yeb55armcsxwwitkymga5xf53dxiarykms3ygqic223w5sk3m,1,5,5,5,200,3.466,https://check-host.net/check-report/35f3649bk59e,35f3649bk59e
https://gateway.serph.network/ipfs/,GET,https://gateway.serph.network/ipfs/bafybeifx7yeb55armcsxwwitkymga5xf53dxiarykms3ygqic223w5sk3m,1,5,5,2,200,0.349,https://check-host.net/check-report/35f3654bkea7,35f3654bkea7
https://gravity.jup.io/ipfs/,GET,https://gravity.jup.io/ipfs/bafybeifx7yeb55armcsxwwitkymga5xf53dxiarykms3ygqic223w5sk3m,0,5,5,0,,,https://check-host.net/check-report/35f366bekbb2,35f366bekbb2
https://gw-seattle.crustcloud.io/ipfs/,GET,https://gw-seattle.crustcloud.io/ipfs/bafybeifx7yeb55armcsxwwitkymga5xf53dxiarykms3ygqic223w5sk3m,1,5,5,5,403,0.093,https://check-host.net/check-report/35f3672ak9ea,35f3672ak9ea
https://gw.crustapps.net/ipfs/,GET,https://gw.crustapps.net/ipfs/bafybeifx7yeb55armcsxwwitkymga5xf53dxiarykms3ygqic223w5sk3m,1,5,5,5,522,19.467,https://check-host.net/check-report/35f36790k6b2,35f36790k6b2
https://gw.ipfs-lens.dev/ipfs/,GET,https://gw.ipfs-lens.dev/ipfs/bafybeifx7yeb55armcsxwwitkymga5xf53dxiarykms3ygqic223w5sk3m,1,5,5,5,415,0.084,https://check-host.net/check-report/35f36922k11c,35f36922k11c
https://hardbin.com/ipfs/,GET,https://hardbin.com/ipfs/bafybeifx7yeb55armcsxwwitkymga5xf53dxiarykms3ygqic223w5sk3m,0,5,5,0,,,https://check-host.net/check-report/35f3695dka86,35f3695dka86
https://hashnews.k1ic.com/ipfs/,GET,https://hashnews.k1ic.com/ipfs/bafybeifx7yeb55armcsxwwitkymga5xf53dxiarykms3ygqic223w5sk3m,1,5,5,5,404,0.044,https://check-host.net/check-report/35f369c7kc84,35f369c7kc84
https://hub.textile.io/ipfs/,GET,https://hub.textile.io/ipfs/bafybeifx7yeb55armcsxwwitkymga5xf53dxiarykms3ygqic223w5sk3m,1,5,5,5,403,0.019,https://check-host.net/check-report/35f36a0ak658,35f36a0ak658
https://infura-ipfs.io/ipfs/,GET,https://infura-ipfs.io/ipfs/bafybeifx7yeb55armcsxwwitkymga5xf53dxiarykms3ygqic223w5sk3m,1,5,5,5,301,0.271,https://check-host.net/check-report/35f36a5akad3,35f36a5akad3
https://ipfs.1-2.dev/ipfs/,GET,https://ipfs.1-2.dev/ipfs/bafybeifx7yeb55armcsxwwitkymga5xf53dxiarykms3ygqic223w5sk3m,0,5,5,0,,,https://check-host.net/check-report/35f36a9fka98,35f36a9fka98
https://ipfs.alloyxuast.tk/ipfs/,GET,https://ipfs.alloyxuast.tk/ipfs/bafybeifx7yeb55armcsxwwitkymga5xf53dxiarykms3ygqic223w5sk3m,0,5,5,0,,,https://check-host.net/check-report/35f36ac6kbb4,35f36ac6kbb4
https://ipfs.algonode.dev/ipfs/,GET,https://ipfs.algonode.dev/ipfs/bafybeifx7yeb55armcsxwwitkymga5xf53dxiarykms3ygqic223w5sk3m,1,5,5,5,403,0.113,https://check-host.net/check-report/35f36ae0kba5,35f36ae0kba5
https://ipfs.algonode.xyz/ipfs/,GET,https://ipfs.algonode.xyz/ipfs/bafybeifx7yeb55armcsxwwitkymga5xf53dxiarykms3ygqic223w5sk3m,1,5,5,5,403,0.268,https://check-host.net/check-report/35f36b1dk244,35f36b1dk244
https://ipfs.anonymize.com/ipfs/,GET,https://ipfs.anonymize.com/ipfs/bafybeifx7yeb55armcsxwwitkymga5xf53dxiarykms3ygqic223w5sk3m,0,5,5,0,,,https://check-host.net/check-report/35f36b3fk355,35f36b3fk355
https://ipfs.arching-kaos.com/ipfs/,GET,https://ipfs.arching-kaos.com/ipfs/bafybeifx7yeb55armcsxwwitkymga5xf53dxiarykms3ygqic223w5sk3m,0,5,1,0,,,https://check-host.net/check-report/35f36b63k326,35f36b63k326
https://ipfs.best-practice.se/ipfs/,GET,https://ipfs.best-practice.se/ipfs/bafybeifx7yeb55armcsxwwitkymga5xf53dxiarykms3ygqic223w5sk3m,1,5,5,5,200,0.076,https://check-host.net/check-report/35f36cc5k1ee,35f36cc5k1ee
https://ipfs.busy.org/ipfs/,GET,https://ipfs.busy.org/ipfs/bafybeifx7yeb55armcsxwwitkymga5xf53dxiarykms3ygqic223w5sk3m,0,5,5,0,,,https://check-host.net/check-report/35f36cf0kfac,35f36cf0kfac
https://ipfs.chisdealhd.co.uk/ipfs/,GET,https://ipfs.chisdealhd.co.uk/ipfs/bafybeifx7yeb55armcsxwwitkymga5xf53dxiarykms3ygqic223w5sk3m,1,5,5,5,302,0.083,https://check-host.net/check-report/35f36d0bk5ba,35f36d0bk5ba
https://ipfs.cyou/ipfs/,GET,https://ipfs.cyou/ipfs/bafybeifx7yeb55armcsxwwitkymga5xf53dxiarykms3ygqic223w5sk3m,1,5,5,5,301,0.077,https://check-host.net/check-report/35f36d46kdf5,35f36d46kdf5
https://ipfs.decentralized-content.com/ipfs/,GET,https://ipfs.decentralized-content.com/ipfs/bafybeifx7yeb55armcsxwwitkymga5xf53dxiarykms3ygqic223w5sk3m,1,5,5,5,200,0.184,https://check-host.net/check-report/35f36da4k589,35f36da4k589
https://ipfs.decoo.io/ipfs/,GET,https://ipfs.decoo.io/ipfs/bafybeifx7yeb55armcsxwwitkymga5xf53dxiarykms3ygqic223w5sk3m,0,,,,,,,
https://ipfs.denarius.io/ipfs/,GET,https://ipfs.denarius.io/ipfs/bafybeifx7yeb55armcsxwwitkymga5xf53dxiarykms3ygqic223w5sk3m,1,5,4,4,200,0.168,https://check-host.net/check-report/35f36f14k72b,35f36f14k72b
https://ipfs.dlux.io/ipfs/,GET,https://ipfs.dlux.io/ipfs/bafybeifx7yeb55armcsxwwitkymga5xf53dxiarykms3ygqic223w5sk3m,1,5,5,5,200,0.151,https://check-host.net/check-report/35f37054k5ca,35f37054k5ca
https://ipfs.drink.cafe/ipfs/,GET,https://ipfs.drink.cafe/ipfs/bafybeifx7yeb55armcsxwwitkymga5xf53dxiarykms3ygqic223w5sk3m,0,5,5,0,,,https://check-host.net/check-report/35f3707bk65a,35f3707bk65a
https://ipfs.eth.aragon.network/ipfs/,GET,https://ipfs.eth.aragon.network/ipfs/bafybeifx7yeb55armcsxwwitkymga5xf53dxiarykms3ygqic223w5sk3m,0,5,5,0,,,https://check-host.net/check-report/35f3709dkb23,35f3709dkb23
https://ipfs.filebase.io/ipfs/,GET,https://ipfs.filebase.io/ipfs/bafybeifx7yeb55armcsxwwitkymga5xf53dxiarykms3ygqic223w5sk3m,0,,,,,,,
https://ipfs.fleek.co/ipfs/,GET,https://ipfs.fleek.co/ipfs/bafybeifx7yeb55armcsxwwitkymga5xf53dxiarykms3ygqic223w5sk3m,1,5,5,5,302,0.020,https://check-host.net/check-report/35f37148k1e7,35f37148k1e7
https://ipfs.flock.io/ipfs/,GET,https://ipfs.flock.io/ipfs/bafybeifx7yeb55armcsxwwitkymga5xf53dxiarykms3ygqic223w5sk3m,0,5,5,0,,,https://check-host.net/check-report/35f3716ckf3b,35f3716ckf3b
https://ipfs.fooock.com/ipfs/,GET,https://ipfs.fooock.com/ipfs/bafybeifx7yeb55armcsxwwitkymga5xf53dxiarykms3ygqic223w5sk3m,1,5,5,4,502,0.110,https://check-host.net/check-report/35f37186k33a,35f37186k33a
https://ipfs.funnychain.co/ipfs/,GET,https://ipfs.funnychain.co/ipfs/bafybeifx7yeb55armcsxwwitkymga5xf53dxiarykms3ygqic223w5sk3m,1,5,5,5,200|302,0.213,https://check-host.net/check-report/35f371b7k119,35f371b7k119
https://ipfs.genenetwork.org/ipfs/,GET,https://ipfs.genenetwork.org/ipfs/bafybeifx7yeb55armcsxwwitkymga5xf53dxiarykms3ygqic223w5sk3m,1,5,5,5,404,0.166,https://check-host.net/check-report/35f371d9kd81,35f371d9kd81
https://ipfs.gitcoin.co/api/v0/cat?arg=,POST,https://ipfs.gitcoin.co/api/v0/cat?arg=bafybeifx7yeb55armcsxwwitkymga5xf53dxiarykms3ygqic223w5sk3m,0,,,,,,,
https://ipfs-2.gitcoin.co/api/v0/cat?arg=,POST,https://ipfs-2.gitcoin.co/api/v0/cat?arg=bafybeifx7yeb55armcsxwwitkymga5xf53dxiarykms3ygqic223w5sk3m,0,5,5,0,,,https://check-host.net/check-report/35f3725fkd7d,35f3725fkd7d
https://ipfs-3.gitcoin.co/api/v0/cat?arg=,POST,https://ipfs-3.gitcoin.co/api/v0/cat?arg=bafybeifx7yeb55armcsxwwitkymga5xf53dxiarykms3ygqic223w5sk3m,0,5,5,0,,,https://check-host.net/check-report/35f372afk8de,35f372afk8de
https://ipfs-gateway.cloud/ipfs/,GET,https://ipfs-gateway.cloud/ipfs/bafybeifx7yeb55armcsxwwitkymga5xf53dxiarykms3ygqic223w5sk3m,0,5,5,0,,,https://check-host.net/check-report/35f372efka0e,35f372efka0e
https://ipfs-gateway.omniflix.studio/ipfs/,GET,https://ipfs-gateway.omniflix.studio/ipfs/bafybeifx7yeb55armcsxwwitkymga5xf53dxiarykms3ygqic223w5sk3m,1,5,5,5,200,0.057,https://check-host.net/check-report/35f37311k1ca,35f37311k1ca
https://ipfs.greyh.at/ipfs/,GET,https://ipfs.greyh.at/ipfs/bafybeifx7yeb55armcsxwwitkymga5xf53dxiarykms3ygqic223w5sk3m,1,5,5,3,404,0.334,https://check-host.net/check-report/35f37339kc2c,35f37339kc2c
https://ipfs.ink/ipfs/,GET,https://ipfs.ink/ipfs/bafybeifx7yeb55armcsxwwitkymga5xf53dxiarykms3ygqic223w5sk3m,1,5,5,2,200,0.450,https://check-host.net/check-report/35f37389kbc4,35f37389kbc4
https://ipfs.io/ipfs/,GET,https://ipfs.io/ipfs/bafybeifx7yeb55armcsxwwitkymga5xf53dxiarykms3ygqic223w5sk3m,1,5,5,5,200,0.055,https://check-host.net/check-report/35f373d4kc77,35f373d4kc77
https://ipfs.jbb.one/ipfs/,GET,https://ipfs.jbb.one/ipfs/bafybeifx7yeb55armcsxwwitkymga5xf53dxiarykms3ygqic223w5sk3m,0,,,,,,,
https://ipfs.joaoleitao.org/ipfs/,GET,https://ipfs.joaoleitao.org/ipfs/bafybeifx7yeb55armcsxwwitkymga5xf53dxiarykms3ygqic223w5sk3m,1,5,5,5,502,0.225,https://check-host.net/check-report/35f374d9kd6b,35f374d9kd6b
https://ipfs.kaleido.art/ipfs/,GET,https://ipfs.kaleido.art/ipfs/bafybeifx7yeb55armcsxwwitkymga5xf53dxiarykms3ygqic223w5sk3m,1,5,5,5,404,0.483,https://check-host.net/check-report/35f3755ake35,35f3755ake35
https://ipfs.kavin.rocks/ipfs/,GET,https://ipfs.kavin.rocks/ipfs/bafybeifx7yeb55armcsxwwitkymga5xf53dxiarykms3ygqic223w5sk3m,0,,,,,,,
https://ipfs.kinematiks.com/ipfs/,GET,https://ipfs.kinematiks.com/ipfs/bafybeifx7yeb55armcsxwwitkymga5xf53dxiarykms3ygqic223w5sk3m,0,,,,,,,
https://ipfs.lain.la/ipfs/,GET,https://ipfs.lain.la/ipfs/bafybeifx7yeb55armcsxwwitkymga5xf53dxiarykms3ygqic223w5sk3m,0,5,5,0,,,https://check-host.net/check-report/35f37637k1e3,35f37637k1e3
https://ipfs.litnet.work/ipfs/,GET,https://ipfs.litnet.work/ipfs/bafybeifx7yeb55armcsxwwitkymga5xf53dxiarykms3ygqic223w5sk3m,0,5,5,0,,,https://check-host.net/check-report/35f37655kff4,35f37655kff4
https://ipfs.mttk.net/ipfs/,GET,https://ipfs.mttk.net/ipfs/bafybeifx7yeb55armcsxwwitkymga5xf53dxiarykms3ygqic223w5sk3m,1,5,5,5,200|302,0.121,https://check-host.net/check-report/35f37677kd12,35f37677kd12
https://ipfs.namebase.io/ipfs/,GET,https://ipfs.namebase.io/ipfs/bafybeifx7yeb55armcsxwwitkymga5xf53dxiarykms3ygqic223w5sk3m,0,5,5,0,,,https://check-host.net/check-report/35f37697kcd5,35f37697kcd5
https://ipfs.network.thegraph.com/ipfs/api/v0/cat?arg=,POST,https://ipfs.network.thegraph.com/ipfs/api/v0/cat?arg=bafybeifx7yeb55armcsxwwitkymga5xf53dxiarykms3ygqic223w5sk3m,1,5,5,5,200|429,0.072,https://check-host.net/check-report/35f376b6kc6c,35f376b6kc6c
https://ipfs.omniflix.studio/ipfs/,GET,https://ipfs.omniflix.studio/ipfs/bafybeifx7yeb55armcsxwwitkymga5xf53dxiarykms3ygqic223w5sk3m,1,5,5,5,200,0.099,https://check-host.net/check-report/35f376e6k313,35f376e6k313
https://ipfs.oversas.org/ipfs/,GET,https://ipfs.oversas.org/ipfs/bafybeifx7yeb55armcsxwwitkymga5xf53dxiarykms3ygqic223w5sk3m,1,5,5,5,403,0.130,https://check-host.net/check-report/35f37708k2d7,35f37708k2d7
https://ipfs.overpi.com/ipfs/,GET,https://ipfs.overpi.com/ipfs/bafybeifx7yeb55armcsxwwitkymga5xf53dxiarykms3ygqic223w5sk3m,1,5,5,5,404,0.242,https://check-host.net/check-report/35f3773dk1ff,35f3773dk1ff
https://ipfs.questbook.app:8080/api/v0/cat?arg=,POST,https://ipfs.questbook.app:8080/api/v0/cat?arg=bafybeifx7yeb55armcsxwwitkymga5xf53dxiarykms3ygqic223w5sk3m,1,5,5,5,404,0.199,https://check-host.net/check-report/35f3775dkc3,35f3775dkc3
https://ipfs.runfission.com/ipfs/,GET,https://ipfs.runfission.com/ipfs/bafybeifx7yeb55armcsxwwitkymga5xf53dxiarykms3ygqic223w5sk3m,1,5,5,5,200,0.267,https://check-host.net/check-report/35f3779dk178,35f3779dk178
https://ipfs.scalaproject.io/ipfs/,GET,https://ipfs.scalaproject.io/ipfs/bafybeifx7yeb55armcsxwwitkymga5xf53dxiarykms3ygqic223w5sk3m,0,,,,,,,
https://ipfs.slang.cx/ipfs/,GET,https://ipfs.slang.cx/ipfs/bafybeifx7yeb55armcsxwwitkymga5xf53dxiarykms3ygqic223w5sk3m,0,,,,,,,
https://ipfs.sloppyta.co/ipfs/,GET,https://ipfs.sloppyta.co/ipfs/bafybeifx7yeb55armcsxwwitkymga5xf53dxiarykms3ygqic223w5sk3m,0,5,5,0,,,https://check-host.net/check-report/35f378d9ke1d,35f378d9ke1d
https://ipfs.smartholdem.io/ipfs/,GET,https://ipfs.smartholdem.io/ipfs/bafybeifx7yeb55armcsxwwitkymga5xf53dxiarykms3ygqic223w5sk3m,0,5,5,0,,,https://check-host.net/check-report/35f37946kfa4,35f37946kfa4
https://ipfs.staging.cloudflare-ipfs.com/ipfs/,GET,https://ipfs.staging.cloudflare-ipfs.com/ipfs/bafybeifx7yeb55armcsxwwitkymga5xf53dxiarykms3ygqic223w5sk3m,0,5,5,0,,,https://check-host.net/check-report/35f3796ek22,35f3796ek22
https://ipfs.stardustxr.org/ipfs/,GET,https://ipfs.stardustxr.org/ipfs/bafybeifx7yeb55armcsxwwitkymga5xf53dxiarykms3ygqic223w5sk3m,1,5,5,5,200,0.275,https://check-host.net/check-report/35f37992k174,35f37992k174
https://ipfs.tayfundogdas.me/ipfs/,GET,https://ipfs.tayfundogdas.me/ipfs/bafybeifx7yeb55armcsxwwitkymga5xf53dxiarykms3ygqic223w5sk3m,0,5,5,0,,,https://check-host.net/check-report/35f379bbkd15,35f379bbkd15
https://ipfs.telos.miami/ipfs/,GET,https://ipfs.telos.miami/ipfs/bafybeifx7yeb55armcsxwwitkymga5xf53dxiarykms3ygqic223w5sk3m,0,5,5,0,,,https://check-host.net/check-report/35f379dak23c,35f379dak23c
https://ipfs.treejer.com/ipfs/,GET,https://ipfs.treejer.com/ipfs/bafybeifx7yeb55armcsxwwitkymga5xf53dxiarykms3ygqic223w5sk3m,1,5,5,5,521,0.052,https://check-host.net/check-report/35f37a00k5c0,35f37a00k5c0
https://ipfs.tribecap.co/ipfs/,GET,https://ipfs.tribecap.co/ipfs/bafybeifx7yeb55armcsxwwitkymga5xf53dxiarykms3ygqic223w5sk3m,0,5,5,0,,,https://check-host.net/check-report/35f37a34k9e3,35f37a34k9e3
https://ipfs.trusti.id/ipfs/,GET,https://ipfs.trusti.id/ipfs/bafybeifx7yeb55armcsxwwitkymga5xf53dxiarykms3ygqic223w5sk3m,0,5,5,0,,,https://check-host.net/check-report/35f37a58kcc9,35f37a58kcc9
https://ipfs.tubby.cloud/ipfs/,GET,https://ipfs.tubby.cloud/ipfs/bafybeifx7yeb55armcsxwwitkymga5xf53dxiarykms3ygqic223w5sk3m,0,,,,,,,
https://ipfs.uploads.nu/ipfs/,GET,https://ipfs.uploads.nu/ipfs/bafybeifx7yeb55armcsxwwitkymga5xf53dxiarykms3ygqic223w5sk3m,0,,,,,,,
https://ipfs.web3.party/ipfs/,GET,https://ipfs.web3.party/ipfs/bafybeifx7yeb55armcsxwwitkymga5xf53dxiarykms3ygqic223w5sk3m,0,,,,,,,
https://ipfs.xoqq.ch/ipfs/,GET,https://ipfs.xoqq.ch/ipfs/bafybeifx7yeb55armcsxwwitkymga5xf53dxiarykms3ygqic223w5sk3m,0,5,5,0,,,https://check-host.net/check-report/35f37b82k80f,35f37b82k80f
https://ipfs.yt/ipfs/,GET,https://ipfs.yt/ipfs/bafybeifx7yeb55armcsxwwitkymga5xf53dxiarykms3ygqic223w5sk3m,0,5,5,0,,,https://check-host.net/check-report/35f37badk344,35f37badk344
https://ipfs0.sjc.cloudsigma.com/ipfs/,GET,https://ipfs0.sjc.cloudsigma.com/ipfs/bafybeifx7yeb55armcsxwwitkymga5xf53dxiarykms3ygqic223w5sk3m,0,5,5,0,,,https://check-host.net/check-report/35f37bc8k571,35f37bc8k571
https://ipfs1.pixura.io/ipfs/,GET,https://ipfs1.pixura.io/ipfs/bafybeifx7yeb55armcsxwwitkymga5xf53dxiarykms3ygqic223w5sk3m,0,5,5,0,,,https://check-host.net/check-report/35f37c10k574,35f37c10k574
https://ipfsgateway.makersplace.com/ipfs/,GET,https://ipfsgateway.makersplace.com/ipfs/bafybeifx7yeb55armcsxwwitkymga5xf53dxiarykms3ygqic223w5sk3m,1,5,5,5,403,0.497,https://check-host.net/check-report/35f37c4ckd65,35f37c4ckd65
https://ipns.co/ipfs/,GET,https://ipns.co/ipfs/bafybeifx7yeb55armcsxwwitkymga5xf53dxiarykms3ygqic223w5sk3m,0,5,5,0,,,https://check-host.net/check-report/35f37cbfk65e,35f37cbfk65e
https://jorropo.net/ipfs/,GET,https://jorropo.net/ipfs/bafybeifx7yeb55armcsxwwitkymga5xf53dxiarykms3ygqic223w5sk3m,0,5,5,0,,,https://check-host.net/check-report/35f37d37kc6e,35f37d37kc6e
https://konubinix.eu/ipfs/,GET,https://konubinix.eu/ipfs/bafybeifx7yeb55armcsxwwitkymga5xf53dxiarykms3ygqic223w5sk3m,1,5,5,3,404,0.253,https://check-host.net/check-report/35f37d72k555,35f37d72k555
https://magic.decentralized-content.com/ipfs/,GET,https://magic.decentralized-content.com/ipfs/bafybeifx7yeb55armcsxwwitkymga5xf53dxiarykms3ygqic223w5sk3m,1,5,5,5,200,0.087,https://check-host.net/check-report/35f37dd3kb4d,35f37dd3kb4d
https://natoboram.mynetgear.com/ipfs/,GET,https://natoboram.mynetgear.com/ipfs/bafybeifx7yeb55armcsxwwitkymga5xf53dxiarykms3ygqic223w5sk3m,0,,,,,,,
https://nftstorage.link/ipfs/,GET,https://nftstorage.link/ipfs/bafybeifx7yeb55armcsxwwitkymga5xf53dxiarykms3ygqic223w5sk3m,0,,,,,,,
https://ninetailed.ninja/ipfs/,GET,https://ninetailed.ninja/ipfs/bafybeifx7yeb55armcsxwwitkymga5xf53dxiarykms3ygqic223w5sk3m,1,5,5,5,404,0.044,https://check-host.net/check-report/35f37e45k3c9,35f37e45k3c9
https://permaweb.eu.org/ipfs/,GET,https://permaweb.eu.org/ipfs/bafybeifx7yeb55armcsxwwitkymga5xf53dxiarykms3ygqic223w5sk3m,1,5,5,5,302,0.116,https://check-host.net/check-report/35f37e6fk363,35f37e6fk363
https://permaweb.io/ipfs/,GET,https://permaweb.io/ipfs/bafybeifx7yeb55armcsxwwitkymga5xf53dxiarykms3ygqic223w5sk3m,1,5,5,5,200,0.194,https://check-host.net/check-report/35f37e90kf3,35f37e90kf3
https://ravencoinipfs-gateway.com/ipfs/,GET,https://ravencoinipfs-gateway.com/ipfs/bafybeifx7yeb55armcsxwwitkymga5xf53dxiarykms3ygqic223w5sk3m,0,5,4,0,,,https://check-host.net/check-report/35f37eaakb00,35f37eaakb00
https://search.ipfsgate.com/ipfs/,GET,https://search.ipfsgate.com/ipfs/bafybeifx7yeb55armcsxwwitkymga5xf53dxiarykms3ygqic223w5sk3m,0,,,,,,,
https://storry.tv/ipfs/,GET,https://storry.tv/ipfs/bafybeifx7yeb55armcsxwwitkymga5xf53dxiarykms3ygqic223w5sk3m,1,5,5,5,301,0.051,https://check-host.net/check-report/35f3808fkb6e,35f3808fkb6e
https://storjipfs-gateway.com/ipfs/,GET,https://storjipfs-gateway.com/ipfs/bafybeifx7yeb55armcsxwwitkymga5xf53dxiarykms3ygqic223w5sk3m,1,5,5,3,200,0.424,https://check-host.net/check-report/35f380d2k3a5,35f380d2k3a5
https://trustless-gateway.link/ipfs/,GET,https://trustless-gateway.link/ipfs/bafybeifx7yeb55armcsxwwitkymga5xf53dxiarykms3ygqic223w5sk3m,1,5,5,5,410,0.084,https://check-host.net/check-report/35f3811ek1a0,35f3811ek1a0
https://tth-ipfs.com/ipfs/,GET,https://tth-ipfs.com/ipfs/bafybeifx7yeb55armcsxwwitkymga5xf53dxiarykms3ygqic223w5sk3m,0,5,5,0,,,https://check-host.net/check-report/35f38136k430,35f38136k430
https://via0.com/ipfs/,GET,https://via0.com/ipfs/bafybeifx7yeb55armcsxwwitkymga5xf53dxiarykms3ygqic223w5sk3m,1,5,5,5,403,0.023,https://check-host.net/check-report/35f38155k812,35f38155k812
https://video.oneloveipfs.com/ipfs/,GET,https://video.oneloveipfs.com/ipfs/bafybeifx7yeb55armcsxwwitkymga5xf53dxiarykms3ygqic223w5sk3m,0,5,5,0,,,https://check-host.net/check-report/35f3816fk66d,35f3816fk66d
https://w3s.link/ipfs/,GET,https://w3s.link/ipfs/bafybeifx7yeb55armcsxwwitkymga5xf53dxiarykms3ygqic223w5sk3m,1,5,5,5,301,0.040,https://check-host.net/check-report/35f38190ka67,35f38190ka67
